"DESCRIPTION","DURATION IN MS","NAME","PARENT SUITE","START TIME","STATUS","STOP TIME","SUB SUITE","SUITE","TEST CLASS","TEST METHOD"
"","30266","Security test request intercept","chromium","2026-09-26","broken","2026-09-26","","network_intercept.spec.js","",""
"","30066","login to Practice Website","chromium","2026-09-26","broken","2026-09-26","","uiBasics.spec.js","",""
"","30211","codegenrecord","chromium","2026-09-26","broken","2026-09-26","","codegenrecord.spec.js","",""
"","10570","authenticated user can view the newly created event","chromium","2026-09-26","passed","2026-09-26","","two-fixtures.spec.js","",""
"","7027","Banner is visible when 6 events are returned","chromium","2026-09-26","passed","2026-09-26","","sandbox-banner.spec.js","",""
"","13598","child window handling","chromium","2026-09-26","passed","2026-09-26","","ui_controls.spec.js","",""
"","5890","Banner is not visible when 4 events are returned","chromium","2026-09-26","passed","2026-09-26","","sandbox-banner.spec.js","",""
"","0","group ticket","chromium","2026-09-26","skipped","2026-09-26","","group_and_single_ticket.spec.ts","",""
"","2282","second playwright test","chromium","2026-09-26","passed","2026-09-26","","uiBasics.spec.js","",""
"","6639","@Webst Client App login","chromium","2026-09-26","failed","2026-09-26","","webAPI.spec.js","",""
"","7434","@SP Place the order","chromium","2026-09-26","passed","2026-09-26","","networktest.spec.js","",""
"","8443","user can create and book an event","chromium","2026-09-26","passed","2026-09-26","","eventse2e.spec.js","",""
"","4060","playwright special locators","chromium","2026-09-26","passed","2026-09-26","","llc.spec.js","",""
"","8884","Cross-User Booking Access Denied","chromium","2026-09-26","failed","2026-09-26","","cross_user.spec.js","",""
"","9026","first playwright test","chromium","2026-09-26","passed","2026-09-26","","uiBasics.spec.js","",""
"","20055","group ticket","chromium","2026-09-26","passed","2026-09-26","","group_and_single_ticket.spec.js","",""
"","21219","single ticket","chromium","2026-09-26","passed","2026-09-26","","group_and_single_ticket.spec.ts","",""
"","1567","Cross-User Booking Access Denied","chromium","2026-09-26","failed","2026-09-26","","cross_browser_booking.spec.js","",""
"","30192","Fixtures demo","chromium","2026-09-26","broken","2026-09-26","","fixture_demo.spec.js","",""
"","20483","single ticket","chromium","2026-09-26","passed","2026-09-26","","group_and_single_ticket.spec.js","",""
"","8728","visible and invisible state","chromium","2026-09-26","passed","2026-09-26","","more_validations.spec.js","",""
"","5910","UI controls","chromium","2026-09-26","passed","2026-09-26","","ui_controls.spec.js","",""
"","30232","@Webst Client App login","chromium","2026-09-26","broken","2026-09-26","","orderflow_2.spec.js","",""
"","30250","@Webst Client App login","chromium","2026-09-26","broken","2026-09-26","","orderflow.spec.js","",""
"","7357","@API Place the order","chromium","2026-09-26","passed","2026-09-26","","WebAPIpart1.spec.js","",""
